{"max_latency": 46.23037462234497, "max_energy": 117.77344453169658, "max_peak_power": 14.216585365853657}