{"max_latency": 67.36464576721191, "max_energy": 216.37727656340013, "max_peak_power": 11.000975609756097}