{"max_latency": 0.020015440038220235, "max_energy": 1.1545492276394405, "max_peak_power": 508.5}