{"max_latency": 0.05649762835342221, "max_energy": 1.0418131270739466, "max_peak_power": 52.294}