{"max_latency": 2.158165853504741, "max_energy": 45.75994993601999, "max_peak_power": 53.82}